{
    "Dummy_Most_Frequent": {
        "accuracy": 0.7375,
        "f1": 0.0,
        "roc_auc": 0.5
    },
    "Logistic_Regression": {
        "accuracy": 0.8127777777777778,
        "f1": 0.5623376623376624,
        "roc_auc": 0.7976803276238305
    },
    "Decision_Tree": {
        "accuracy": 0.8180555555555555,
        "f1": 0.6112759643916914,
        "roc_auc": 0.8235424824878684
    },
    "Random_Forest": {
        "accuracy": 0.8888888888888888,
        "f1": 0.75093399750934,
        "roc_auc": 0.9286730637013123
    },
    "Gradient_Boosting": {
        "accuracy": 0.8980555555555556,
        "f1": 0.7887161773172136,
        "roc_auc": 0.9245496666965594
    },
    "Stacking_Classifier": {
        "accuracy": 0.9094444444444445,
        "f1": 0.8170594837261503,
        "roc_auc": 0.9312870793850078
    }
}