value           , count, share
Moscow          ,    11, 0.3793103448275862
Saint Petersburg,     3, 0.10344827586206896
Almaty          ,     3, 0.10344827586206896
Minsk           ,     3, 0.10344827586206896
Kyiv            ,     2, 0.06896551724137931
Astana          ,     2, 0.06896551724137931
                ,     2, 0.06896551724137931
Yekaterinburg   ,     1, 0.034482758620689655
Novosibirsk     ,     1, 0.034482758620689655
Kazan           ,     1, 0.034482758620689655
