{
  "dataset_3": {
    "KMeans": {
      "silhouette": 0.31554470037825183,
      "db_score": 1.1577256320598661,
      "ch_score": 6957.162639510166
    },
    "DBSCAN": {
      "silhouette": 0.3725981452885354,
      "db_score": 0.5510597860593662,
      "ch_score": 17.197483881125017,
      "noise_ratio": 0.0014666666666666667
    }
  }
}