value,count,share
                      3.0,3,0.23076923076923078
                         ,2,0.15384615384615385
                     12.5,1,0.07692307692307693
                      8.3,1,0.07692307692307693
                      4.2,1,0.07692307692307693
                      6.0,1,0.07692307692307693
                      7.5,1,0.07692307692307693
                     15.2,1,0.07692307692307693
                      9.1,1,0.07692307692307693
                      7.0,1,0.07692307692307693
