experiment_id,dataset,seed,model_summary,optimizer,lr,momentum,weight_decay,epochs_trained,best_val_accuracy,best_val_loss
E1,EMNIST,42,"[256, 128]/ReLU/no_dropout/no_bn",Adam,0.001,0.0,0.0,15,79.05585106382979,0.7188328148590194
E2,EMNIST,42,"[256, 128]/ReLU/dropout_0.3/no_bn",Adam,0.001,0.0,0.0,15,79.63209219858156,0.6590379956695769
E3,EMNIST,42,"[256, 128]/ReLU/no_dropout/bn",Adam,0.001,0.0,0.0,15,79.16666666666667,0.6621783524751663
E4,EMNIST,42,"[256, 128]/ReLU/dropout",Adam,0.001,0.0,0.0,20,79.49911347517731,0.635174053410689
O1,EMNIST,42,"[256, 128]/ReLU/dropout_or_bn_from_E4",Adam,0.1,0.0,0.0,8,1.9725177304964538,3.855512539545695
O2,EMNIST,42,"[256, 128]/ReLU/dropout_or_bn_from_E4",Adam,1e-05,0.0,0.0,8,20.70035460992908,3.5991811884774103
O3,EMNIST,42,"[256, 128]/ReLU/dropout_or_bn_from_E4",SGD,0.001,0.9,0.0001,15,44.658687943262414,2.345650759008196
