experiment_id,dataset,seed,model_summary,optimizer,lr,momentum,weight_decay,epochs_trained,best_val_accuracy,best_val_loss
E1,EMNIST,42,"[256, 128]/ReLU/no_dropout/no_bn",Adam,0.001,0.0,0.0,15,79.4104609929078,0.6921698831849628
E2,EMNIST,42,"[256, 128]/ReLU/dropout_0.3/no_bn",Adam,0.001,0.0,0.0,15,79.18882978723404,0.6521810905800925
E3,EMNIST,42,"[256, 128]/ReLU/no_dropout/bn",Adam,0.001,0.0,0.0,15,79.67641843971631,0.6547848747836219
E4,EMNIST,42,"[256, 128]/ReLU/bn",Adam,0.001,0.0,0.0,8,79.01152482269504,0.6522977401812872
O1,EMNIST,42,"[256, 128]/ReLU/dropout_or_bn_from_E4",Adam,0.1,0.0,0.0,8,73.42641843971631,0.8765420648786757
O2,EMNIST,42,"[256, 128]/ReLU/dropout_or_bn_from_E4",Adam,1e-05,0.0,0.0,8,43.062943262411345,2.8874011437098184
O3,EMNIST,42,"[256, 128]/ReLU/dropout_or_bn_from_E4",SGD,0.001,0.9,0.0001,15,75.26595744680851,0.9178151985009512
